_id,_type,slug,title,excerpt,publishedAt,updatedAt,seo.title,seo.description,seo.canonicalUrl,seo.noIndex,seo.noFollow,seo.og.title,seo.og.description,categories,tags,projects,authors,tools,status,aiTool,conversationType,challenge,insight,actionItem
wp.node.1654,node,ai-illustration-review-ethics-accessibility-ip-guardrails,"AI Illustration Review: Ethics, Accessibility & IP Guardrails","This documents a formal, multi-dimensional review of AI-generated illustrative thumbnails used on Sugartown.io. The objective is operational clarity — not aesthetic judgment — across three governance dimensions: AI ethics, accessibility, and intellectual property (IP) risk. Note: This node is not a…",2026-01-01T11:24:06Z,2026-01-04T15:25:11Z,"AI Illustration Review: Ethics, Accessibility & IP Guar","This documents a formal, multi-dimensional review of AI-generated illustrative thumbnails used on Sugartown.io. The objective is operational clarity — not aesth",,,,,,governance,"accessibility, ai-collaboration, ai-ethics, alt-text, governance, ways-of-working",,,chatgpt,explored,mixed,learning,,,
wp.node.1028,node,architecture-decision-the-two-repo-solution-theme-vs-content,Architecture Decision: The Two-Repo Solution (Theme vs. Content),I hit a wall today where my local Git commits weren’t showing up in my repository. The root cause? I was trying to treat my Theme (Visuals) and my Content (Data) as the same entity. They are not. The Separation of Concerns We have officially split the Sugartown codebase into two distinct…,2025-12-04T15:37:29Z,2026-01-04T17:02:54Z,Architecture Decision: The Two-Repo Solution (Theme vs. Cont,I hit a wall today where my local Git commits weren’t showing up in my repository. The root cause? I was trying to treat my Theme (Visuals) and my Content,,,,,,engineering-dx,"governance, headless-cms, separation-of-concerns, source-control",,,"chatgpt, git",explored,mixed,learning,,,
wp.node.949,node,architecture-decision-the-overwrite-risk-in-sugartown-cms,Architecture Decision: The “Overwrite” Risk in Sugartown CMS,"I had a realization today while trying to manually edit a post in WordPress: The Pipeline is a Bully. In a typical “Push” architecture (Python -> WordPress), the script is the Source of Truth. If I manually add a witty joke or a custom image inside the WordPress Editor, the next time I…",2025-11-28T14:39:37Z,2026-01-04T16:47:15Z,Architecture Decision: The “Overwrite” Risk in S,I had a realization today while trying to manually edit a post in WordPress: The Pipeline is a Bully. In a typical “Push” architecture (Python -> Wo,,,,,,career-engineering,"content-architecture, content-ops, governance, headless-cms, system-thinking",,,"gemini, python",explored,mixed,learning,,,
wp.node.1395,node,architecture-deep-dive-resume-factory-v3-0,Architecture Deep Dive: Resume Factory v3.0,"Or, The Great Sanity Migration tl;dr: We spent two weeks building a Python resume pipeline. It worked. Then we immediately decided to throw it away and rebuild it in Sanity + React. This is that story. The Uncomfortable Truth About v2.0 Let’s be honest: Resume Factory v2.0 is fantastic……",2025-12-11T15:38:23Z,2026-01-04T15:25:06Z,Architecture Deep Dive: Resume Factory v3.0 | Sugartown Digi,"Or, The Great Sanity Migration tl;dr: We spent two weeks building a Python resume pipeline. It worked. Then we immediately decided to throw it away and rebuild",,,,,,career-engineering,"architecture, headless-cms, migration, monorepo, prd, resume-as-code",,,"claude, react, sanity",explored,mixed,learning,,,
wp.node.1094,node,architecture-insight-the-sugartown-2-0-system-contract,Architecture Insight: The Sugartown 2.0 System Contract,"Sugartown 2.0 establishes a non-negotiable architecture: Python is the single source of truth; WordPress is a stateless rendering layer. This eliminates CMS drift, enables reproducibility, and prepares the platform for a headless future. Core Principles Python as Canonical: All content, metadata,…",2025-12-06T14:48:28Z,2026-01-04T17:16:36Z,Architecture Insight: The Sugartown 2.0 System Contract,Sugartown 2.0 establishes a non-negotiable architecture: Python is the single source of truth; WordPress is a stateless rendering layer. This eliminates CMS dri,,,,,,content-architecture,"content-ops, design-system, governance, headless-cms",,,"gemini, python",explored,mixed,learning,,,
wp.node.1121,node,architecture-update-the-resume-factory-v2-0,Architecture Update: The Resume Factory v2.0,"Update: The pipeline described below is live. View the generated Resume here. In the last 48 hours, we fundamentally replatformed the “Resume Engine.” We moved away from a static Markdown file to a Slot & Variant Architecture driven by a master CSV. The Strategy: Precision over…",2025-12-07T14:56:39Z,2026-01-04T15:25:04Z,Architecture Update: The Resume Factory v2.0 | Sugartown Dig,"Update: The pipeline described below is live. View the generated Resume here. In the last 48 hours, we fundamentally replatformed the “Resume Engine.&#822",,,,,,career-engineering,"ai-safety, automation, governance, pim-pxm, resume-as-code",,,"claude, python",explored,mixed,learning,,,
wp.node.1023,node,architecture-the-sugartown-digital-ecosystem-v1-0,Architecture: The Sugartown Digital Ecosystem (v1.0),"Executive Summary This ecosystem represents the “Digital Factory” for Sugartown.io. It creates a strict separation of concerns between Content (The “Brain”), Code (The Theme/Repo), and Assets (The Storage). The goal is a resilient, portable, and headless-ready architecture…",2025-12-03T17:30:40Z,2026-01-04T16:59:22Z,Architecture: The Sugartown Digital Ecosystem (v1.0),Executive Summary This ecosystem represents the “Digital Factory” for Sugartown.io. It creates a strict separation of concerns between Content (The,,,,,,engineering-dx,"documentation, governance, headless-cms",,,gemini,explored,mixed,learning,,,
wp.node.1029,node,architecture-the-unified-taxonomy-strategy,Architecture: The Unified Taxonomy Strategy,"A headless CMS is useless if you can’t find anything inside it. Today, we implemented the Unified Taxonomy Strategy for Sugartown.io, ensuring that our content is connected by meaning, not just date. The Architecture We rejected the standard “Free Tagging” chaos in favor of a…",2025-12-04T15:37:31Z,2026-01-04T15:24:58Z,Architecture: The Unified Taxonomy Strategy | Sugartown Digi,"A headless CMS is useless if you can’t find anything inside it. Today, we implemented the Unified Taxonomy Strategy for Sugartown.io, ensuring that our co",,,,,,content-architecture,"metadata-strategy, ontology, structured-content, taxonomy",,,gemini,explored,mixed,learning,,,
wp.node.1702,node,claude-vs-devtools-a-cautionary-tale-of-assumed-striping,Claude vs. DevTools: A Cautionary Tale of Assumed Striping,"Or, How I Confidently Recommended a Class That Didn’t Exist tl;dr: Claude had full access to style.css. Claude saw alternating colored rows in a screenshot. Claude immediately recommended using st-table–striped. Claude was wrong on two counts. This is that post-mortem. The Setup: A…",2026-01-04T15:25:16Z,2026-01-17T12:28:19Z,Claude vs. DevTools: A Cautionary Tale of Assumed Striping |,"Or, How I Confidently Recommended a Class That Didn’t Exist tl;dr: Claude had full access to style.css. Claude saw alternating colored rows in a screensho",,,,,,ai-collaboration,"debugging, devtools",,,"claude, css",explored,mixed,learning,,,
wp.node.952,node,confession-i-dont-hate-blogs-i-just-hate-unstructured-data,"Confession: I Don’t Hate Blogs, I Just Hate Unstructured Data","My AI architect recently pointed out a flaw in my new site strategy: “Why are you so down on blogs?” It’s a fair question. I’ve spent the last week rigorously separating my “Field Notes” from my “Blog,” treating the latter like a second-class citizen. But I want…",2025-11-28T18:03:18Z,2026-01-17T13:40:58Z,"Confession: I Don’t Hate Blogs, I Just Hate Unstructur",My AI architect recently pointed out a flaw in my new site strategy: “Why are you so down on blogs?” It’s a fair question. I’ve spent the last week,,,,,,sugartown-notes,"metadata-strategy, structured-content, system-thinking, taxonomy",,,gemini,explored,mixed,learning,,,
wp.node.1397,node,confession-i-dont-lack-memory-i-just-forgot-to-mention-projects,"Confession: I Don’t Lack Memory, I Just Forgot to Mention Projects","The Great Over-Documentation Incident of December 2025 Picture this: I, Claude, am working with my PM on a multi-month Knowledge Graph visualization project. Complex stuff—WordPress templates, Python scripts, CSV exports, the works. Naturally, I do what any helpful AI would do: I create REAMS of…",2025-12-14T11:33:44Z,2026-01-17T13:41:02Z,"Confession: I Don’t Lack Memory, I Just Forgot to Ment","The Great Over-Documentation Incident of December 2025 Picture this: I, Claude, am working with my PM on a multi-month Knowledge Graph visualization project. Co",,,,,,ai-automation,"ai-hallucinations, ai-limitations, ai-workflows, documentation, product-discovery, ux",,,claude,explored,mixed,learning,,,
wp.node.1335,node,design-ops-the-pre-design-system-surviving-the-css-chaos,Design Ops: The “Pre-Design System” (Surviving the CSS Chaos),"Before you build a Design System, you usually build a mess. We call this the “Pre-Design System” Phase. For Sugartown.io, I didn’t start with a Figma library or a token dictionary. I started with a deadline and a color code: #FE1295 (Sugartown Pink). The goal was “Just Get…",2025-12-09T18:06:28Z,2026-01-04T16:13:55Z,Design Ops: The “Pre-Design System” (Surviving t,"Before you build a Design System, you usually build a mess. We call this the “Pre-Design System” Phase. For Sugartown.io, I didn’t start with",,,,,,design-systems,"atomic-design, design-ops, design-tokens, tech-debt",,,"claude, css",explored,mixed,learning,,,
wp.node.994,node,devops-building-the-undo-button-for-my-career,DevOps: Building the “Undo” Button for My Career,"I realized this week that my “Resume as Code” project had a fatal flaw: It was dangerous. Because I manage my personal brand via a Python script that overwrites my database, a single syntax error or bad API call could wipe my entire digital existence. So, I spent the weekend building a…",2025-11-30T13:18:48Z,2026-01-04T16:13:52Z,DevOps: Building the “Undo” Button for My Career,I realized this week that my “Resume as Code” project had a fatal flaw: It was dangerous. Because I manage my personal brand via a Python script tha,,,,,,career-engineering,"documentation, governance, qa-workflows",sugartown-cms,beehead,gemini,explored,mixed,learning,,,
wp.node.853,node,engineering-the-perfect-resume-workflow,Engineering the Perfect Resume Workflow,"As a Product Manager, I couldn’t just “write” a resume. I had to architect a pipeline. After battling file formats and prompt hallucinations, here is the technical breakdown of my “Resume as Code” workflow. Status: Active Prototype. While I currently manage this via…",2025-11-26T17:51:55Z,2026-01-04T16:37:07Z,Engineering the Perfect Resume Workflow | Sugartown Digital,"As a Product Manager, I couldn’t just “write” a resume. I had to architect a pipeline. After battling file formats and prompt hallucinations,",,,,,,engineering-dx,"llm-workflows, structured-content, system-thinking",,,gemini,explored,mixed,learning,,,
wp.node.1054,node,feature-the-resume-factory-the-sugartown-pink-design-system,Feature: The Resume Factory & The “Sugartown Pink” Design System,"We have officially closed the loop on two major capabilities for the Sugartown ecosystem: a headless engine for my career history and a distinct visual identity for the site. 1. The Resume Factory I stopped updating my resume in Microsoft Word. Instead, I treated my career history as a dataset. We…",2025-12-05T00:41:55Z,2026-01-04T17:06:13Z,Feature: The Resume Factory & The “Sugartown Pink,We have officially closed the loop on two major capabilities for the Sugartown ecosystem: a headless engine for my career history and a distinct visual identity,,,,,,career-engineering,design-system,,,"claude, css, gemini, python",explored,mixed,learning,,,
wp.node.1569,node,how-i-learned-to-stop-renaming-and-love-the-existing-classes,How I Learned to Stop Renaming and Love the Existing Classes,"PM asked for a simple CSS Grid update: “make the header use grid columns so eyebrow and badge share row 1, title row 2, subtitle row 3.” Screenshot attached. Clean requirements. Should be a 10-minute job. What I delivered: An entirely new naming convention (st-card-badge instead of…",2025-12-27T19:00:56Z,2025-12-27T19:00:56Z,How I Learned to Stop Renaming and Love the Existing Classes,"PM asked for a simple CSS Grid update: “make the header use grid columns so eyebrow and badge share row 1, title row 2, subtitle row 3.” Screenshot",,,,,,ways-of-working,"ai-collaboration, best-practices, debugging, design-system, refactoring, scope-creep, tech-debt",,,"claude, css",explored,mixed,learning,,,
wp.node.1552,node,knowledge-graph-roadmap,Knowledge Graph Roadmap,"This roadmap describes the evolution of the Knowledge Graph subsystem within Sugartown, not the platform as a whole. The Sugartown Knowledge Graph is being built deliberately in layers. Each phase stabilizes the system before expanding capability, ensuring that complexity never outruns clarity.…",2025-12-24T20:12:13Z,2025-12-30T18:43:18Z,Knowledge Graph Roadmap | Sugartown Digital,"This roadmap describes the evolution of the Knowledge Graph subsystem within Sugartown, not the platform as a whole. The Sugartown Knowledge Graph is being buil",,,,,,product-platform-strategy,"design-system, governance, headless-cms, knowledge-graph, platform-strategy, roadmap, visualization",,,chatgpt,explored,mixed,learning,,,
wp.node.954,node,market-scan-top-ai-tools-for-data-architecture-diagrams,Market Scan: Top AI Tools for Data & Architecture Diagrams,"We just finished architecting a Headless CMS pipeline, which naturally led to the next question: “How do we visualize this?” The “best” AI diagramming tool depends entirely on your output goal: Do you need a System Blueprint (architecture/flow) or a Data Visualization…",2025-11-28T18:31:57Z,2026-01-04T16:52:26Z,Market Scan: Top AI Tools for Data & Architecture Diagr,"We just finished architecting a Headless CMS pipeline, which naturally led to the next question: “How do we visualize this?” The “best”",,,,,,ai-automation,dashboards,,,gemini,explored,mixed,learning,,,
wp.node.852,node,market-scan-top-headless-cms-platforms-2025,Market Scan: Top Headless CMS Platforms (2025),"As we move into 2026, the Headless CMS market has calcified into three segments: Developer Tools, Marketer Suites, and Visual Composers. Here is the breakdown. Platform Founded Free Tier? Paid Start Contentful 2013 ✅ Yes $300/mo Sanity 2018 ✅ Yes $15/seat Strapi 2016 ✅ Yes (Self-Hosted) $99/mo…",2025-11-26T17:50:29Z,2026-01-04T16:52:24Z,Market Scan: Top Headless CMS Platforms (2025) | Sugartown D,"As we move into 2026, the Headless CMS market has calcified into three segments: Developer Tools, Marketer Suites, and Visual Composers. Here is the breakdown.",,,,,,product-platform-strategy,"content-migration, content-modeling, headless-cms, pim-pxm, system-thinking",,,gemini,explored,mixed,learning,,,
wp.node.977,node,meta-analysis-am-i-crazy-for-building-this,Meta-Analysis: Am I Crazy for Building This?,"I just spent my Thanksgiving break architecting a Python-based ETL pipeline to inject structured data into a WordPress Block Theme, solely to update my resume. Is this over-engineering? Or is it art? The Symptom Instead of just opening a Google Doc and typing “Updated: Nov 2025,” I…",2025-11-29T19:24:58Z,2026-01-17T13:41:01Z,Meta-Analysis: Am I Crazy for Building This? | Sugartown Dig,"I just spent my Thanksgiving break architecting a Python-based ETL pipeline to inject structured data into a WordPress Block Theme, solely to update my resume.",,,,,,sugartown-notes,"content-ops, product-ops",,,gemini,explored,mixed,learning,,,
wp.node.1079,node,prd-visualization-engine,PRD: The Visualization Engine (Phase 2),Executive Summary Phase 1 established the “Content Engine” (Text). Phase 2 establishes the “Visualization Engine” (Images). We are building a suite of Python scripts that auto-generate insights from our own data. Core Requirements Requirement The “Why” Technical…,2025-12-05T17:15:45Z,2026-01-04T16:26:34Z,PRD: The Visualization Engine (Phase 2) | Sugartown Digital,Executive Summary Phase 1 established the “Content Engine” (Text). Phase 2 establishes the “Visualization Engine” (Images). We are build,,,,,,data-visualization,"data-science, prd, product-management, visualization",,,"claude, python",explored,mixed,learning,,,
wp.node.942,node,process-insight-the-csv-reality-check,Process Insight: The CSV Reality Check,"I just ran my first full audit of the Sugartown CMS pipeline, exporting the raw database to a CSV report. The result? A lesson in data integrity. The “Eyeballs” Theory When working in the UI, it is easy to miss gaps. But when you flatten the data into a spreadsheet, the holes become…",2025-11-28T12:31:10Z,2026-01-04T16:13:36Z,Process Insight: The CSV Reality Check | Sugartown Digital,"I just ran my first full audit of the Sugartown CMS pipeline, exporting the raw database to a CSV report. The result? A lesson in data integrity. The “Eye",,,,,,engineering-dx,"audit, automation, data-integrity, system-thinking",,,gemini,explored,mixed,learning,,,
wp.node.1451,node,process-insight-when-to-fire-your-ai,Process Insight: When to Fire Your AI (and Start From Scratch),"We recently attempted to introduce a centralized taxonomy system to enable better search and sorting by Project and Category. The requirement was simple: “Make the content findable.” The “Additive” Trap Initially, my AI pair-programmer, Claude, proposed a solution that…",2025-12-17T14:27:30Z,2026-01-03T19:57:12Z,Process Insight: When to Fire Your AI (and Start From Scratc,We recently attempted to introduce a centralized taxonomy system to enable better search and sorting by Project and Category. The requirement was simple: &#8220,,,,,,engineering-dx,"ai-collaboration, refactoring, tech-debt",,,"claude, css",explored,mixed,learning,,,
wp.node.1570,node,project-knowledge-graph-topology-over-chronology,Project: Knowledge Graph — Topology Over Chronology,"The Knowledge Graph is what happens when you ask an AI to write a blog post and it declares, instead, that blogs are blobs and you need a headless CMS with semantic data architecture. This is that system. And this is the story of how three AI agents—each brilliant in different ways, each flawed in…",2025-12-27T19:00:58Z,2026-01-04T17:51:24Z,Project: Knowledge Graph — Topology Over Chronology | Sugart,"The Knowledge Graph is what happens when you ask an AI to write a blog post and it declares, instead, that blogs are blobs and you need a headless CMS with sema",,,,,,ai-automation,"agentic-caucus, ai-collaboration, content-architecture, data-visualization, design-system, knowledge-graph, roadmap, system-thinking",,,"claude, networkx, python",explored,mixed,learning,,,
wp.node.946,node,project-sugartown-cms-architecture,Project: Sugartown CMS Architecture,"This project began with a simple request: “Write a blog post about Gemini 3.” It escalated into a full-stack systems exercise because, as a Product Manager, I fundamentally reject unstructured data. The Challenge: Breaking the Blob Traditional CMS platforms treat knowledge as a…",2025-11-28T13:33:41Z,2026-01-04T16:40:07Z,Project: Sugartown CMS Architecture,"This project began with a simple request: “Write a blog post about Gemini 3.” It escalated into a full-stack systems exercise because, as a Product",,,,,,engineering-dx,"content-modeling, headless-cms, knowledge-graph, structured-content, system-thinking, system-architecture",,,"gemini, python",explored,mixed,learning,,,
wp.node.1653,node,release-assistant-governance-inputs-outputs-no-vibes,"Release Assistant Governance: Inputs, Outputs, No Vibes","What this is This node documents the governance version of the Sugartown Release Assistant: a deterministic, three-step pipeline that produces the same release artifacts every time, regardless of which AI agent (or human) runs it. No vibes. No inference. No “the bot thought it was implied.”…",2026-01-04T15:25:09Z,2026-01-04T15:25:09Z,"Release Assistant Governance: Inputs, Outputs, No Vibes | Su","What this is This node documents the governance version of the Sugartown Release Assistant: a deterministic, three-step pipeline that produces the same release",,,,,,governance,"ai-collaboration, documentation, governance, release-engineering, ways-of-working",,,"chatgpt, claude",explored,mixed,learning,,,
drafts.456120f8-5fc9-4135-9eaa-c49891fe4de1,node,release-governance-storybook-smoke-check-design-system,Release Governance: Storybook Smoke Check for Design System Changes,"Pre-release governance rule to run Storybook build and validation scripts for any change touching the design system, preventing token drift, font issues, CSS module misalignment, and component API breakage.",2026-02-25T12:00:00.000Z,,Release Governance: Storybook Smoke Check for Design System Changes,"Operational rule and checklist for running Storybook builds and validation scripts before releasing changes to the design system, preventing visual and API drift between Storybook and production.",,false,false,Storybook Smoke Check for Design System Releases,Pre-release governance to block design system drift by enforcing Storybook builds and validation scripts before deployment.,governance,"storybook, design-system, governance",sugartown-cms,beehead2,,implemented,claude,architecture,"Define a clear, enforceable pre-release governance rule to prevent design system and Storybook drift from reaching production.","Adding a mandatory Storybook build plus token and content validation before releases that touch the design system catches token drift, font issues, CSS module desync, and component API breakage early.",Integrate `pnpm storybook:build` and the validation scripts into the pre-release checklist and plan CI automation to run them on relevant changes.
wp.node.953,node,release-governance-yyyy-mm-dd-workflow,Release Governance: YYYY.MM.DD Workflow,"This Gem defines the canonical Sugartown release workflow. Releases are documentation-first, Python-canonical, and reproducible; WordPress reflects releases but does not define them. Release ID Convention Release ID: YYYY.MM.DD (human-readable, chronological, sortable) Release Plan (Authoritative…",2025-11-29T19:49:47Z,2026-01-04T16:13:44Z,Release Governance: YYYY.MM.DD Workflow | Sugartown Digital,"This Gem defines the canonical Sugartown release workflow. Releases are documentation-first, Python-canonical, and reproducible; WordPress reflects releases but",,,,,,governance,"documentation, governance, product-ops, release-management",,,claude,explored,mixed,learning,,,
wp.node.993,node,status-update-the-great-re-platforming,Status Update: The Great Re-Platforming,"Executive Summary The stakeholder (Me) has been forcibly decoupled from the legacy backend (The Beauty Retailer). While the “Job Security” microservice has experienced unexpected downtime, this presents a strategic opportunity to refactor the core value proposition. I am shifting from a…",2025-11-30T12:09:19Z,2026-01-04T16:59:21Z,Status Update: The Great Re-Platforming | Sugartown Digital,Executive Summary The stakeholder (Me) has been forcibly decoupled from the legacy backend (The Beauty Retailer). While the “Job Security” microserv,,,,,,career-engineering,"cross-functional-collaboration, stakeholder-alignment",sugartown-cms,beehead,gemini,explored,mixed,learning,,,
wp.node.1733,node,sugartown-platform-roadmap-updated,Sugartown Platform Roadmap (updated),"Sugartown is a content-as-code platform that treats ideas, artifacts, and career data as structured systems—authored in code, published automatically, and visualized intentionally. This roadmap describes the evolution of the platform as a whole. Individual subsystems (such as the Knowledge Graph)…",2026-01-04T17:38:48Z,2026-01-04T17:51:25Z,Sugartown Platform Roadmap (updated),"Sugartown is a content-as-code platform that treats ideas, artifacts, and career data as structured systems—authored in code, published automatically, and visua",,,,,,product-platform-strategy,"content-as-code, design-system, headless-cms, roadmap, visualization",,,chatgpt,explored,mixed,learning,,,
wp.node.863,node,sweet-upgrades-why-gemini-3-is-the-cherry-on-top,Sweet Upgrades: Why Gemini 3 is the Cherry on Top,"We’ve all been there—living comfortably in our standard Google Accounts. But with the release of Gemini 3 Pro this week, the question isn’t just “Do I need an AI?”—it’s “Am I ready to upgrade from a bicycle to a rocket ship?” I’m sharing here because it took me an ungodly amount of time and lots…",2025-11-26T18:14:55Z,2026-01-17T13:41:00Z,Sweet Upgrades: Why Gemini 3 is the Cherry on Top | Sugartow,"We’ve all been there—living comfortably in our standard Google Accounts. But with the release of Gemini 3 Pro this week, the question isn’t just “Do I need an A",,,,,,ai-automation,"agentic-interfaces, llm-workflows",,,gemini,explored,mixed,learning,,,
wp.node.1447,node,changelog,System Changelog,"Sugartown Release Notes v2026.01.03 — Responsive Tables Stabilization Fixed mobile table card layout so rows no longer overflow or clip off-screen. Added consistent box-sizing, width constraints, and wrapper behavior for responsive tables. Centered and constrained wide tables to prevent vertical…",2025-12-17T13:53:40Z,2026-01-03T19:56:47Z,System Changelog | Sugartown Digital,Sugartown Release Notes v2026.01.03 — Responsive Tables Stabilization Fixed mobile table card layout so rows no longer overflow or clip off-screen. Added consis,,,,,,governance,"documentation, release-notes, system-thinking, version-control",,,gemini,explored,mixed,learning,,,
wp.node.1568,node,the-great-versioning-reconciliation,The Great Versioning Reconciliation,"Or, How We Discovered Seven Version Systems The Discovery PM: Okay, so we agreed on calendar-based releases. vYYYY.MM.DD. Clean, simple, one version per day. Claude: Correct. Locked and documented. CHANGELOG.md is the single source of truth. PM: Great. And then I’m looking at the roadmap and…",2025-12-27T19:00:53Z,2026-02-20T13:08:45Z,The Great Versioning Reconciliation | Sugartown Digital,"Or, How We Discovered Seven Version Systems The Discovery PM: Okay, so we agreed on calendar-based releases. vYYYY.MM.DD. Clean, simple, one version per day. Cl",,,,,,governance,"ai-collaboration, documentation, governance, prd, release-process, tech-debt, versioning, ways-of-working",,,claude,explored,mixed,learning,,,
wp.node.1514,node,the-release-that-ate-the-card-system,The Release That Ate the Card System,"Summary This release started as a visual cleanup and ended as a full system alignment: cards, tokens, changelogs, governance—and a hard-earned reminder that WordPress will happily turn HTML comments into paragraphs when left unsupervised. What shipped wasn’t just UI. It was a release discipline…",2025-12-22T16:01:37Z,2025-12-30T18:43:17Z,The Release That Ate the Card System | Sugartown Digital,"Summary This release started as a visual cleanup and ended as a full system alignment: cards, tokens, changelogs, governance—and a hard-earned reminder that Wor",,,,,,governance,"ai-collaboration, design-system, governance, prd, release-engineering, release-process, ways-of-working",,,gemini,explored,mixed,learning,,,
wp.node.1551,node,this-knowledge-graph-origin-story,This Knowledge Graph Origin Story,"Or, The “Scope Creep” This section exists because I made the mistake of asking Gemini for a simple favor. The conversation went something like this: Me: “Can you please write a cute, informative blog post comparing the new Gemini 3 tiers for my portfolio?” AI: “I could do that. OR… we could…",2025-12-24T19:19:05Z,2025-12-30T19:36:51Z,This Knowledge Graph Origin Story | Sugartown Digital,"Or, The “Scope Creep” This section exists because I made the mistake of asking Gemini for a simple favor. The conversation went something like this: Me: “Can yo",,,,,,ways-of-working,"ai-collaboration, content-as-data, headless-cms, knowledge-graph, scope-creep",,,gemini,explored,mixed,learning,,,
wp.node.1796,node,two-weeks-inside-the-machine,Two Weeks Inside the Machine,"Over the last two weeks, I’ve been laying the groundwork for a new ecosystem: Standing up Sanity as the content backbone Standing up a React frontend as the rendering layer Beginning the work of recreating the design system, theme logic, and content model from legacy WordPress This isn’t a…",2026-02-02T12:45:06Z,2026-02-02T12:45:06Z,Two Weeks Inside the Machine | Sugartown Digital,"Over the last two weeks, I’ve been laying the groundwork for a new ecosystem: Standing up Sanity as the content backbone Standing up a React frontend as the ren",,,,,,product-platform-strategy,"agentic-caucus, design-system, documentation, governance, tooling",,,"claude, claude-code, codex, react, sanity",explored,mixed,learning,,,
wp.node.950,node,visualizing-the-knowledge-graph,Visualizing the Knowledge Graph,"A Knowledge Graph isn’t just a metaphor; it’s a data structure. To visualize the relationships between my Projects, Categories, and Gems, I used Python’s networkx library to generate a force-directed graph. Fig 1. The live Sugartown content topology, generated via Python. The…",2025-11-28T15:51:42Z,2026-01-04T16:13:43Z,Visualizing the Knowledge Graph | Sugartown Digital,"A Knowledge Graph isn’t just a metaphor; it’s a data structure. To visualize the relationships between my Projects, Categories, and Gems, I used Pyt",,,,,,ai-automation,"data-science, data-visualization, knowledge-graph, system-thinking",,,"chatgpt, python",explored,mixed,learning,,,
wp.node.1815,node,we-fixed-the-same-white-screen,We Fixed the Same White Screen Three Times (And Then Built a Prompt to Prevent It),"There’s a particular kind of embarrassment that comes from realising you’ve solved the same problem three times in ten days. It deepens considerably when you’re the one who told the AI what was wrong every single time. This is that story. The Setup In late January 2026, Sugartown…",2026-02-20T12:56:32Z,2026-02-20T13:38:41Z,We Fixed the Same White Screen Three Times (And Then Built a,There’s a particular kind of embarrassment that comes from realising you’ve solved the same problem three times in ten days. It deepens considerably,,,,,,governance,"agentic-caucus, documentation, governance, monorepo, process-insight, ways-of-working",mini-repo,,"claude-code, git",explored,mixed,learning,,,
wp.node.1646,node,which-chatbot-is-best-for-web-design,Which Chatbot Is Best for Web Design?,"(A PM Discovers the Real Problem. “Reader, it’s me.”) Summary: In which I ask the internet which chatbot is “best at web design,” gently roast myself, and accidentally clarify a much more useful operating model for AI-assisted design, prototyping, and commerce UX. The Question I…",2025-12-30T18:52:23Z,2026-01-04T15:25:08Z,Which Chatbot Is Best for Web Design? | Sugartown Digital,"(A PM Discovers the Real Problem. “Reader, it’s me.”) Summary: In which I ask the internet which chatbot is “best at web design,” gently roast",,,,,,ai-automation,"ai-collaboration, design-system, product-management, prompt-engineering, ways-of-working",,,"chatgpt, figma, shopify",explored,mixed,learning,,,
a7a11a1c-7f1f-44cc-8021-a2ee89180dbb,node,test-slug,test node,"Pellentesque vitae viverra ipsum. Nunc sed risus placerat orci volutpat malesuada. Curabitur ac augue euismod, gravida velit non, condimentum nibh. Vestibulum eget tortor elit.",2026-01-24T18:05:34.176Z,,Test Node,,,true,true,,,"agentic-caucus, test-cat",agile,sugartown-cms,beehead2,,explored,claude,code,I canna code,claude can,make it look nice!
