id,name,slug,description,articles,caseStudies,nodes,projects,total
wp.tag.455,#resist,resist,,1,0,0,0,1
tag-ai-automation,AI Automation,ai-automation,,0,0,5,0,5
tag-ai-collaboration,AI Collaboration,ai-collaboration,,4,0,5,0,9
tag-ai-entropy,AI Entropy,ai-entropy,,1,0,1,0,2
a68bae91-db58-4ce3-bf4a-92d8822f3d2b,AI Slop,ai-slop,,0,0,0,1,1
wp.tag.382,AI Workflows,ai-workflows,,1,0,6,0,7
wp.tag.313,Agentic Systems,agentic-interfaces,,0,0,1,0,1
wp.tag.306,Content Modeling,content-modeling,,4,0,4,0,8
ace3d14c-498d-4a20-987a-93042f586d1b,Context Engineering,context-engineering,,1,0,3,0,4
wp.tag.235,Design Tokens,design-tokens,,1,1,2,1,5
wp.tag.379,Documentation,documentation,,0,0,8,0,8
wp.tag.317,LLM workflows,llm-workflows,,0,0,3,0,3
wp.tag.351,PRD,prd,,0,0,4,0,4
da9dedbd-62f2-485c-868e-92124b71600c,Post Mortem,post-mortem,,1,0,5,0,6
wp.tag.335,QA,qa,,0,0,1,0,1
wp.tag.422,Roadmap,roadmap,,0,0,3,0,3
wp.tag.389,SEO,seo,,1,0,0,0,1
wp.tag.264,Stakeholder Alignment,stakeholder-alignment,,0,2,1,0,3
wp.tag.248,accessibility,accessibility,,0,1,1,1,3
wp.tag.436,agentic caucus,agentic-caucus,,3,0,7,0,10
969ac270-6322-4977-8911-82ce2ffc5d65,agile,agile,,1,1,0,1,3
wp.tag.440,ai ethics,ai-ethics,,0,0,2,0,2
wp.tag.415,ai hallucinations,ai-hallucinations,,0,0,1,0,1
wp.tag.378,ai limitations,ai-limitations,,0,0,2,0,2
wp.tag.441,alt text,alt-text,,0,0,1,0,1
32a55277-9d65-4083-8e4a-df8bd94ca811,api,api,,1,0,0,0,1
wp.tag.372,architecture,architecture,,0,0,6,1,7
wp.tag.259,atomic design,atomic-design,,2,0,2,1,5
wp.tag.340,audit,audit,,0,0,1,0,1
wp.tag.341,automation,automation,,0,0,2,0,2
wp.tag.20,best practices,best-practices,,0,0,2,0,2
c27100a8-7eec-470d-b1fd-133d3e9baa99,blob,blob,,0,0,0,0,0
eee7c7da-a0bf-4430-93a1-1ae4c67887d7,britbox,britbox,,0,0,1,0,1
wp.tag.103,composable,composable,,2,2,0,1,5
wp.tag.257,content architecture,content-architecture,,2,1,1,1,5
wp.tag.243,content audit,content-audit,,0,1,0,0,1
wp.tag.328,content ops,content-ops,,0,0,3,0,3
wp.tag.428,content-as-code,content-as-code,,0,0,2,1,3
wp.tag.386,core web vitals,core-web-vitals,,1,0,1,0,2
wp.tag.325,cross-functional collaboration,cross-functional-collaboration,,0,0,1,0,1
20ae783f-562a-421e-9940-04c3a417ab94,customer journey,customer-journey,,0,1,0,0,1
wp.tag.318,dashboards,dashboards,,1,0,1,0,2
wp.tag.339,data integrity,data-integrity,,0,0,1,0,1
wp.tag.353,data science,data-science,,0,0,2,1,3
wp.tag.434,debugging,debugging,,0,0,2,0,2
wp.tag.301,design ops,design-ops,,0,1,1,1,3
wp.tag.387,devtools,devtools,,0,0,1,0,1
wp.tag.271,digital transformation,digital-transformation,,1,3,0,0,4
15690652-a4ed-4d7c-ab1e-1bf41423bea9,em dash,em-dash,,0,0,1,0,1
1814fc30-1cfd-4dda-bfdf-3d0c8a7cb120,generative ai,generative-ai,,1,0,0,1,2
wp.tag.81,headless,headless,,4,2,10,1,17
wp.tag.385,human-in-the-loop,human-in-the-loop,,1,0,3,0,4
wp.tag.344,knowledge graph,knowledge-graph,,0,0,5,1,6
wp.tag.308,metadata strategy,metadata-strategy,,0,0,2,0,2
wp.tag.373,migration,migration,,1,2,4,0,7
wp.tag.374,monorepo,monorepo,,0,0,1,1,2
wp.tag.270,omnichannel,omnichannel,,1,1,0,0,2
wp.tag.411,ontology,ontology,,0,0,1,0,1
wp.tag.388,performance,performance,,1,0,0,0,1
wp.tag.425,platform strategy,platform-strategy,,1,0,2,0,3
d40bfa72-f43e-410f-8ca5-09117d2c498d,portable text,portable-text,"Portable Text is an open specification for structured block content. Rich text, images, code blocks, and any custom type you define, stored as JSON and renderable anywhere.",1,0,1,0,2
68701468-5724-489d-80ab-ca1b3f5d3a5a,prioritization,prioritization,,0,1,0,0,1
wp.tag.456,process insight,process-insight,,0,0,2,0,2
wp.tag.381,product discovery,product-discovery,,0,0,1,0,1
wp.tag.413,product management,product-management,,0,0,2,0,2
wp.tag.409,product ops,product-ops,,0,0,2,0,2
wp.tag.437,prompt engineering,prompt-engineering,,0,0,3,0,3
wp.tag.394,refactoring,refactoring,,0,0,2,0,2
wp.tag.396,release management,release-management,,0,0,7,0,7
wp.tag.357,resume-as-code,resume-as-code,,0,0,4,0,4
wp.tag.258,reusable,reusable,,0,0,1,0,1
wp.tag.423,scope creep,scope-creep,,0,0,2,0,2
wp.tag.410,separation of concerns,separation-of-concerns,,0,0,1,0,1
wp.tag.346,source control,source-control,,0,0,2,0,2
wp.tag.307,structured content,structured-content,,2,0,4,0,6
wp.tag.421,system thinking,system-thinking,,2,0,9,0,11
0f611e4f-d4d4-47e5-9ebe-4a44714212ca,table,table,,2,0,1,0,3
wp.tag.309,taxonomy,taxonomy,,0,0,2,1,3
wp.tag.274,tech debt,tech-debt,,1,0,4,0,5
wp.tag.451,tooling,tooling,,0,0,2,0,2
wp.tag.12,ux,ux,,1,1,2,0,4
wp.tag.393,version control,version-control,,1,0,2,0,3
wp.tag.247,wcag,wcag,,0,1,0,1,2
wp.tag.242,workflow,workflow,,1,1,0,0,2
