Asset ID,Original Filename (pre-migration),Current Filename,Dimensions,Format,Size (KB),Ref Count,Referenced By (type: title [slug]),Status
image-4cab06596537405a2e1be2abdd3f4424525f6a83-466x331-jpg,beckyalice.jpg,beckyalice.jpg,466x331,jpg,35,0,,ORPHAN + UNNAMED
image-3f3a352c79942f0447ade44d856fdc7f94fee55c-984x798-jpg,beebaby_of_berkeley.jpeg,beebaby_of_berkeley.jpeg,984x798,jpg,360,0,,ORPHAN + UNNAMED
image-e50fbf05af934d3815752018655e8371b7533535-360x428-jpg,beehead_1990.jpeg,beehead_1990.jpeg,360x428,jpg,51,0,,ORPHAN + UNNAMED
image-fb1c8486c646ec9b8d992dcd14bbbeeb88102e14-1024x850-jpg,beehead_feature.jpg,beehead_feature.jpg,1024x850,jpg,284,0,,ORPHAN + UNNAMED
image-7d6449059fcde2e48fee2f6f38fd089ff68cdb1b-1024x514-jpg,beehead01_banner.jpg,beehead01_banner.jpg,1024x514,jpg,129,0,,ORPHAN + UNNAMED
image-ef76629a9d8b821d0e053da0e026505cb3dbcab6-1584x1620-jpg,content-model.jpg,content-model.jpg,1584x1620,jpg,314,0,,ORPHAN + UNNAMED
image-6ed42ed189688c4809a9e5f2012d33391b813b21-2431x1072-jpg,fx-networks-featured.jpg,fx-networks-featured.jpg,2431x1072,jpg,583,0,,ORPHAN + UNNAMED
image-10451e4ee11f8bb38f77ea052a3240aea7c6c946-972x750-jpg,luxury_dot_com-feature.jpg,luxury_dot_com-feature.jpg,972x750,jpg,108,0,,ORPHAN + UNNAMED
image-d9b404689e009c9c70aa2f594e2fdcac6d34059c-6000x4000-jpg,retro-computer-desk-arrangement (3).jpg,retro-computer-desk-arrangement (3).jpg,6000x4000,jpg,4373,0,,ORPHAN + UNNAMED
image-2169f1af72cafd5da7399633682d8a51b300e6c5-2560x1707-jpg,retro-computer-desk-arrangement-2-scaled.jpg,retro-computer-desk-arrangement-2-scaled.jpg,2560x1707,jpg,141,0,,ORPHAN + UNNAMED
image-0c9d9948a1f2b10a982e9d9a80138ba800b8e85e-6000x4000-jpg,retro-computer-desk-arrangement-2.jpg,retro-computer-desk-arrangement-2.jpg,6000x4000,jpg,4544,0,,ORPHAN + UNNAMED
image-539a42700ba08998f12bd4ed3a49c6503b23514e-6000x4000-jpg,retro-computer-desk-arrangement-3.jpg,retro-computer-desk-arrangement-3.jpg,6000x4000,jpg,4393,0,,ORPHAN + UNNAMED
image-e9a3f734afdd3ae8f7f6631a8b30aa548ec8e8d1-6000x4000-jpg,retro-computer-desk-arrangement-4.jpg,retro-computer-desk-arrangement-4.jpg,6000x4000,jpg,4260,0,,ORPHAN + UNNAMED
image-51d35dd51b932f0d330a558c2aa3fafd3e97473a-6000x4000-jpg,retro-computer-desk-arrangement-5.jpg,retro-computer-desk-arrangement-5.jpg,6000x4000,jpg,4618,0,,ORPHAN + UNNAMED
image-6de9f87c0262e89887c7daa89976f8c2d5fa9402-6000x4000-jpg,retro-computer-desk-arrangement-6.jpg,retro-computer-desk-arrangement-6.jpg,6000x4000,jpg,4244,0,,ORPHAN + UNNAMED
image-4b305982dfa58915a8fe74a39ce26e8f0035b7ef-6000x4000-jpg,retro-computer-desk-arrangement-7.jpg,retro-computer-desk-arrangement-7.jpg,6000x4000,jpg,4714,0,,ORPHAN + UNNAMED
image-d83fe4bd5a7b45dfbf9768d820ec59da476ec28a-6000x4500-jpg,retro-computer-desk-arrangement.jpg,retro-computer-desk-arrangement.jpg,6000x4500,jpg,5284,0,,ORPHAN + UNNAMED
image-aa2edc7aee9f9fe0cc6b4cecd6cfafd97dc4a7b7-150x150-jpg,content-model-150x150.jpg,content-model-150x150.jpg,150x150,jpg,5,0,,ORPHAN THUMB
image-83c37b40a617854262ddd7c454605c027d38ba52-150x150-jpg,global-content-model-150x150.jpg,global-content-model-150x150.jpg,150x150,jpg,3,0,,ORPHAN THUMB
image-b4017a1fe05b6e39341c1154b47745e63e529829-972x750-jpg,article-luxury-dot-com-feature.webp,article-luxury-dot-com-feature.webp,972x750,jpg,66,0,,ORPHAN
image-c7ffc41cd5817a2733881685bd90a9cb60d972ee-1890x1185-png,diagram-knowledge-graph-latest.png,diagram-knowledge-graph-latest.png,1890x1185,png,177,0,,ORPHAN
image-103e670840378157fc1b14cd0175da9f299224f0-2515x1447-png,diagram-screenshot-2026-01-alt.png,diagram-screenshot-2026-01-alt.png,2515x1447,png,1264,0,,ORPHAN
image-e00c03568d8bf8abe742629fd8f573daf7d7ac45-2560x1432-png,diagram-screenshot-2026-01.png,diagram-screenshot-2026-01.png,2560x1432,png,1078,0,,ORPHAN
image-fb47bebdf1d866f3ce3a19a1bef238f4c972f5c0-360x428-jpg,site-beckyalice-1990.webp,site-beckyalice-1990.webp,360x428,jpg,24,0,,ORPHAN
image-a451c11990c4dba6e5efea93d1a18eddbcf2918f-984x798-jpg,site-beckyalice-beebaby.webp,site-beckyalice-beebaby.webp,984x798,jpg,219,0,,ORPHAN
image-527e7373087778c3fe09800b53438dd6409877af-1024x850-jpg,site-beckyalice-feature.webp,site-beckyalice-feature.webp,1024x850,jpg,156,0,,ORPHAN
image-6f6d3bc20192d9c2ccba9d2731b41ce76299f43e-743x1024-png,site-beelady-alt-transparent.png,site-beelady-alt-transparent.png,743x1024,png,328,0,,ORPHAN
image-a6c037bbe530d9d216c40c5c1c1b89138d738496-896x898-png,site-beelady-favicon.png,site-beelady-favicon.png,896x898,png,1247,0,,ORPHAN
image-d59f6f4577ca0fca2368410964bb77b5aadb8332-1284x1213-png,site-beelady-feature-transparent.png,site-beelady-feature-transparent.png,1284x1213,png,792,0,,ORPHAN
image-13f0834d17179f2bb892a8e4555a9abb33f26dfc-900x1349-png,site-beelady-transparent.png,site-beelady-transparent.png,900x1349,png,1475,0,,ORPHAN
image-4f7b855d4b117b0e90b83ec80721cc5c7f776559-200x191-png,site-favicon.png,site-favicon.png,200x191,png,20,0,,ORPHAN
image-23790581beab46a679da8c7904ab8fdf88014a98-1536x1024-png,site-illustration-landscape.png,site-illustration-landscape.png,1536x1024,png,477,0,,ORPHAN
image-8a2d0e5a884fd043170f120b2a49b570aa3e1872-1536x1024-png,site-illustration-portrait-1.png,site-illustration-portrait-1.png,1536x1024,png,3252,0,,ORPHAN
image-78b316a17e7224e361c81eebba8c1a3da17e520a-576x575-png,site-mushroom-illustration.png,site-mushroom-illustration.png,576x575,png,519,0,,ORPHAN
image-da5fb7d0bad72d78d03ac606e47e2d4896bd84e6-2560x1707-jpg,site-retro-desk-3-scaled.webp,site-retro-desk-3-scaled.webp,2560x1707,jpg,111,0,,ORPHAN
image-1639e4bee10a54fbef4c04289963bf38868160bc-6000x4000-jpg,site-retro-desk-6.webp,site-retro-desk-6.webp,6000x4000,jpg,481,0,,ORPHAN
image-2efc98059ba9c28d93312c2e51f63feb76f8a3b6-30x30-svg,site-submit-spinner.svg,site-submit-spinner.svg,30x30,svg,0,0,,ORPHAN
image-7b8598e0a9d61db14bde7c634208b442aa811ec1-1536x1024-png,site-sugartown-logo-2026.png,site-sugartown-logo-2026.png,1536x1024,png,1460,0,,ORPHAN
image-819778f97ba84e271f2ce2e7e74db9a86d9c8dc3-1536x1024-png,site-sugartown-logo-2026.png,site-sugartown-logo-2026.png,1536x1024,png,2392,0,,ORPHAN
image-8b84de48aec61651f5f980a8e5bd4d0e13c20e9e-1536x1024-png,site-sugartown-logo-2026.png,site-sugartown-logo-2026.png,1536x1024,png,1367,0,,ORPHAN
image-8312230227f1c1b2545bcfe811a42f51f59371fc-1536x1024-png,site-sugartown-logo-sm-dark-2026.png,site-sugartown-logo-sm-dark-2026.png,1536x1024,png,685,0,,ORPHAN
image-be4d47e6c8d4b6b1addaf82f3e2d09f2fcc6039b-150x150-png,cs-bareminerals-content-model-template-thumb.png,cs-bareminerals-content-model-template-thumb.png,150x150,png,10,1,caseStudy: Beauty Retail: From Monolith to Microservice [/beauty-retail-from-monolith-to-microservice],WP THUMB
image-93718476b67a2ae067d9d998d54549a64d6e6b97-150x150-jpg,cs-bareminerals-content-model-thumb.webp,cs-bareminerals-content-model-thumb.webp,150x150,jpg,4,1,caseStudy: Beauty Retail: From Monolith to Microservice [/beauty-retail-from-monolith-to-microservice],WP THUMB
image-30dc4dc8c2dff2b485923f8f01e1e1f909031472-150x150-png,cs-bareminerals-detail-1-thumb.png,cs-bareminerals-detail-1-thumb.png,150x150,png,11,1,caseStudy: Bare Minerals: From Bottlenecks to Brilliance [/bare-minerals-from-bottlenecks-to-brilliance],WP THUMB
image-1f5972024664cb180ea4b030bb3ff0e58481449d-150x150-png,cs-bareminerals-detail-2-thumb.png,cs-bareminerals-detail-2-thumb.png,150x150,png,10,1,caseStudy: Bare Minerals: From Bottlenecks to Brilliance [/bare-minerals-from-bottlenecks-to-brilliance],WP THUMB
image-3011ba81607d38864d0b286ce097ab5aabfe5e8a-150x150-jpg,cs-bareminerals-global-content-model-thumb.webp,cs-bareminerals-global-content-model-thumb.webp,150x150,jpg,2,1,caseStudy: Beauty Retail: From Monolith to Microservice [/beauty-retail-from-monolith-to-microservice],WP THUMB
image-e9cc8b52a9cc0858f671ee1f9a73d7cfab6e906f-150x150-png,cs-bareminerals-homepage-thumb.png,cs-bareminerals-homepage-thumb.png,150x150,png,11,1,caseStudy: Beauty Retail: From Monolith to Microservice [/beauty-retail-from-monolith-to-microservice],WP THUMB
image-f81c07d02aad4d1b59a61ebd232cec6cb53d93e9-150x150-png,cs-bareminerals-references-thumb.png,cs-bareminerals-references-thumb.png,150x150,png,9,1,caseStudy: Beauty Retail: From Monolith to Microservice [/beauty-retail-from-monolith-to-microservice],WP THUMB
image-b7e8ce0f3bdf8a7c28a888cacf2137cb74cedc85-150x150-png,cs-bareminerals-screenshot-thumb.png,cs-bareminerals-screenshot-thumb.png,150x150,png,4,1,caseStudy: Beauty Retail: From Monolith to Microservice [/beauty-retail-from-monolith-to-microservice],WP THUMB
image-ba0a971011caec4aa811b00e63fae7f3ff45692c-150x150-webp,cs-beringer-homepage-thumb.webp,cs-beringer-homepage-thumb.webp,150x150,webp,7,1,caseStudy: Beringer.com: Raising a Glass to a Digital Refresh [/beringer-com-raising-a-glass-to-a-digital-refresh],WP THUMB
image-1bcb892558c92e97616749e95b57c237d1f3c99d-150x150-webp,cs-beringer-recipes-thumb.webp,cs-beringer-recipes-thumb.webp,150x150,webp,8,1,caseStudy: Beringer.com: Raising a Glass to a Digital Refresh [/beringer-com-raising-a-glass-to-a-digital-refresh],WP THUMB
image-48fefe3e8fe3db3c93171851aa569acc6fb303cd-150x150-webp,cs-lyris-app-create-thumb.webp,cs-lyris-app-create-thumb.webp,150x150,webp,2,1,caseStudy: Launching Lunar Landing [/launching-lunar-landing],WP THUMB
image-56bd50367c7ba5c4aa78eae6062d43c717a30ead-150x150-webp,cs-lyris-app-thumb.webp,cs-lyris-app-thumb.webp,150x150,webp,5,1,caseStudy: Launching Lunar Landing [/launching-lunar-landing],WP THUMB
image-95931cf6f131ad879e4af05c06b58e4549c18988-150x150-webp,cs-lyris-landing-pages-thumb.webp,cs-lyris-landing-pages-thumb.webp,150x150,webp,5,1,caseStudy: Launching Lunar Landing [/launching-lunar-landing],WP THUMB
image-7a1bf3dad420b14f7746c081c05c55e858fffcee-1536x1024-png,article-doll-imac-1999.png,article-doll-imac-1999.png,1536x1024,png,2802,2,article: Test Preview Post [/test-preview-post] | article: The Great iCloud Divorce: A Tale of Two AIs and One Very Angry Mac [/the-great-icloud-divorce],OK
image-87fd542c85788d72bfac344342ca62f361d36693-1536x1024-png,article-doll-travel-agency-1986.png,article-doll-travel-agency-1986.png,1536x1024,png,3028,2,article: Test Preview Post [/test-preview-post] | article: Oh; oh… Atomic: CMS and Design Systems 4evar [/why-cms-and-design-systems-belong-together],OK
image-5dd197724f810653a84305de2b8d9ce5ff0bab60-1536x1024-png,article-dolly-mainframe-1978.png,article-dolly-mainframe-1978.png,1536x1024,png,3051,5,page: About [/about] | article: Test Preview Post [/test-preview-post] | node: The Button That Had Two Names (And Why Your Design System Is Lying to You) [/the-button-that-had-two-names] | article: Claude Code Joins the Agentic Caucus [/claude-code-joins-the-agentic-caucus] | article: Claude Code Joins the Agentic Caucus [/claude-code-joins-the-agentic-caucus],OK
image-b98d5ff642daaffbc11311e7296b059d1a532b1f-1024x683-png,article-luxury-dot-com-illustration-sm.png,article-luxury-dot-com-illustration-sm.png,1024x683,png,440,1,article: 💎 LUXURY DOT COM 💎 [/luxury-dot-com],OK
image-e866a7e1175c5d1ccdf81ebce595838ba8bd4dd5-1536x1024-png,article-luxury-dot-com-illustration.png,article-luxury-dot-com-illustration.png,1536x1024,png,1161,2,article: Test Preview Post [/test-preview-post] | article: 💎 LUXURY DOT COM 💎 [/luxury-dot-com],OK
image-fc8b98335e71933ab535f8bce8005931d9d878f6-1536x1024-png,article-test-illustration.png,article-test-illustration.png,1536x1024,png,2835,1,article: Test Preview Post [/test-preview-post],OK
image-8347c73bf9e8bea230d4ad90a2b0f4281fb11b37-1080x1080-webp,cs-backroads-photo.webp,cs-backroads-photo.webp,1080x1080,webp,42,1,caseStudy: Charting a New Course for Backroads.com [/charting-a-new-course-for-backroads-com],OK
image-f7c6bbc8c72b40c3a5584e6c030e5c42f3ea864b-1584x1620-jpg,cs-bareminerals-content-model.webp,cs-bareminerals-content-model.webp,1584x1620,jpg,204,1,caseStudy: Beauty Retail: From Monolith to Microservice [/beauty-retail-from-monolith-to-microservice],OK
image-1d713b04049019d8cb62eba71f2a9fac9c0d1866-1318x308-png,cs-bareminerals-contentful-quote.png,cs-bareminerals-contentful-quote.png,1318x308,png,44,1,caseStudy: Beauty Retail: From Monolith to Microservice [/beauty-retail-from-monolith-to-microservice],OK
image-d0909e4b7a076e5541bfffc845e5b0282d6dd255-1500x2396-png,cs-bareminerals-detail-2.png,cs-bareminerals-detail-2.png,1500x2396,png,1898,1,caseStudy: Bare Minerals: From Bottlenecks to Brilliance [/bare-minerals-from-bottlenecks-to-brilliance],OK
image-fe296fa01516400a09c92db2c85ac3f26d279f36-1024x320-png,cs-bareminerals-homepage-banner.png,cs-bareminerals-homepage-banner.png,1024x320,png,635,1,article: Lessons from Replacing Oracle ATG/BCC with a Headless CMS [/lessons-from-replacing-oracle-atg-bcc-with-a-headless-cms],OK
image-cbbac2e4e5a7640dcf7e91e5962a73232b977c08-1024x1024-png,cs-bareminerals-homepage.png,cs-bareminerals-homepage.png,1024x1024,png,1793,1,article: Lessons from Replacing Oracle ATG/BCC with a Headless CMS [/lessons-from-replacing-oracle-atg-bcc-with-a-headless-cms],OK
image-bd42516c6b0f5100131c1409aaa24d0c90128c35-138x1024-png,cs-bareminerals-references-chart.png,cs-bareminerals-references-chart.png,138x1024,png,49,1,article: Lessons from Replacing Oracle ATG/BCC with a Headless CMS [/lessons-from-replacing-oracle-atg-bcc-with-a-headless-cms],OK
image-e6d469439b843c74eedfa0df69298cf42236c67b-1024x406-png,cs-bareminerals-screenshot.png,cs-bareminerals-screenshot.png,1024x406,png,35,1,article: Oh; oh… Atomic: CMS and Design Systems 4evar [/why-cms-and-design-systems-belong-together],OK
image-93d1977eec08b974ff5f9d561307d85903fe866c-2500x1441-webp,cs-beringer-homepage-redesign.webp,cs-beringer-homepage-redesign.webp,2500x1441,webp,352,1,caseStudy: Beringer.com: Raising a Glass to a Digital Refresh [/beringer-com-raising-a-glass-to-a-digital-refresh],OK
image-6a313f3a6dd32351c5eec357d2fe33a953f2791a-2431x1072-jpg,cs-fx-networks-featured.webp,cs-fx-networks-featured.webp,2431x1072,jpg,378,1,caseStudy: FX Networks Website Redesign: Nominated for Webby! [/fx-networks-website-redesign-nominated-for-webby],OK
image-360d6f4351e2242bda6107a773f6cf6b2f78683d-1024x817-webp,cs-lyris-landing-pages.webp,cs-lyris-landing-pages.webp,1024x817,webp,446,1,caseStudy: Launching Lunar Landing [/launching-lunar-landing],OK
image-b38a894e86773a1488a66137e8362f50070086b0-817x602-png,cs-prestige-beauty-design-system.png,cs-prestige-beauty-design-system.png,817x602,png,655,1,caseStudy: Prestige Beauty Pilot — Headless CMS + Enterprise Design System [/prestige-beauty-pilot-headless-cms-enterprise-design-system],OK
image-7bf47353614ec2868a912c700a83b2566f95f924-2264x943-png,cs-prestige-beauty-tfb-light.png,cs-prestige-beauty-tfb-light.png,2264x943,png,2719,2,article: Oh; oh… Atomic: CMS and Design Systems 4evar [/why-cms-and-design-systems-belong-together] | caseStudy: Prestige Beauty Pilot — Headless CMS + Enterprise Design System [/prestige-beauty-pilot-headless-cms-enterprise-design-system],OK
image-59e90f0676ddecd217086a9cecf8f72733f4aaec-781x554-svg,diagram-knowledge-graph-dark.svg,diagram-knowledge-graph-dark.svg,781x554,svg,57,1,node: Visualizing the Knowledge Graph [/visualizing-the-knowledge-graph],OK
image-9d2336a3e4b6a6bd7d0adb781b6abd449231d3ae-1024x1024-png,site-about-illustration.png,site-about-illustration.png,1024x1024,png,1957,1,page: About [/about],OK
image-e54263f6b49fdd2b62d78a3fbee39a24c78f2c5a-1024x514-jpg,site-beckyalice-banner.webp,site-beckyalice-banner.webp,1024x514,jpg,72,1,article: Dashboards Aren’t Dead. Neither Are Design Systems. We Just Stopped Explaining Them Slowly Enough. [/dashboards-arent-dead-neither-are-design-systems],OK
image-b421ea9b522b69b04315a3eac074cef97e53461e-466x331-jpg,site-beckyalice-headshot.webp,site-beckyalice-headshot.webp,466x331,jpg,20,2,archivePage: Articles [/articles] | archivePage: Articles [/articles],OK
image-966fc979f778d35e5670dc259ec4474abb4a1404-753x364-png,site-beckyalice-hero-2004.png,site-beckyalice-hero-2004.png,753x364,png,465,2,hero: (untitled) | hero: (untitled),OK
image-df496cd9ecd7a31a4342830dbb0f4f2f3cb05f26-300x377-png,site-beelady-avatar-sm.png,site-beelady-avatar-sm.png,300x377,png,53,1,archivePage: Knowledge Graph [/knowledge-graph],OK
image-07c66211aa101f34172c5cea9ab02f2b34ee6fba-1024x1536-png,site-beelady-avatar.png,site-beelady-avatar.png,1024x1536,png,1595,1,person: (untitled) [/beehead],OK
image-acade2475d6fe5476bd7a95d2aebfd5da53043f0-450x450-png,site-beelady-favicon.png,site-beelady-favicon.png,450x450,png,397,1,siteSettings: (untitled),OK
image-a685f8d3aa4c29bd461323fa90a2fad6b42d615a-1024x1536-png,site-beelady-full-transparent.png,site-beelady-full-transparent.png,1024x1536,png,2459,1,article: Oh; oh… Atomic: CMS and Design Systems 4evar [/why-cms-and-design-systems-belong-together],OK
image-4abdf220948a5eb7101b273d3f7eb8862437ac67-683x1024-png,site-beelady-transparent-sm.png,site-beelady-transparent-sm.png,683x1024,png,271,2,siteSettings: (untitled) | article: Dashboards Aren’t Dead. Neither Are Design Systems. We Just Stopped Explaining Them Slowly Enough. [/dashboards-arent-dead-neither-are-design-systems],OK
image-238cbba618c687e6d4f17217dd2d66e5f7e47ad5-1024x1536-png,site-illustration-portrait-2.png,site-illustration-portrait-2.png,1024x1536,png,3199,1,siteSettings: (untitled),OK
image-d25c51b4126def2a72be61213f4fe69a909151fd-6000x4500-jpg,site-retro-desk-1.webp,site-retro-desk-1.webp,6000x4500,jpg,479,2,node: The Seafoam That Should Have Been Lime: Guardrails for Component Reuse [/seafoam-vs-lime-component-reuse-guardrails] | page: Atoms &amp; Ecosystems [/home],OK
image-571d156d28393fb9806756bb37d18a32cd07fdba-6000x4000-jpg,site-retro-desk-2.webp,site-retro-desk-2.webp,6000x4000,jpg,413,1,page: Atoms &amp; Ecosystems [/home],OK
image-98246b3c6b5a759d9cef6b64d24c888901e5d075-6000x4000-jpg,site-retro-desk-3.webp,site-retro-desk-3.webp,6000x4000,jpg,468,2,article: Test Preview Post [/test-preview-post] | page: Atoms &amp; Ecosystems [/home],OK
image-cf4f583d1eff5dcf2c90e3959cf28b1ac48ff940-6000x4000-jpg,site-retro-desk-4.webp,site-retro-desk-4.webp,6000x4000,jpg,383,2,article: Test Preview Post [/test-preview-post] | page: CV / Resume [/cv-resume],OK
image-fa6f97f14153a905916e572de10edb877eac7f45-6000x4000-jpg,site-retro-desk-5.webp,site-retro-desk-5.webp,6000x4000,jpg,386,4,node: Release Governance: Storybook Smoke Check for Design System Changes [/release-governance-storybook-smoke-check-design-system] | article: Test Preview Post [/test-preview-post] | caseStudy: FX Networks Website Redesign: Nominated for Webby! [/fx-networks-website-redesign-nominated-for-webby] | page: Atoms &amp; Ecosystems [/home],OK
image-ae7a950a812e5f92ec7a3cb5f210de33e5eeaf08-6000x4000-jpg,site-retro-desk-7.webp,site-retro-desk-7.webp,6000x4000,jpg,350,2,article: Test Preview Post [/test-preview-post] | node: The Seafoam That Should Have Been Lime: Guardrails for Component Reuse [/seafoam-vs-lime-component-reuse-guardrails],OK
image-5fae24a2651ef9a67b716bf14c6ede64b87d3432-6000x4000-jpg,site-retro-desk-8.webp,site-retro-desk-8.webp,6000x4000,jpg,439,1,node: The Seafoam That Should Have Been Lime: Guardrails for Component Reuse [/seafoam-vs-lime-component-reuse-guardrails],OK
image-a52fe5565d8380b786311f7823deb5018f471a4a-1195x507-png,site-sugartown-logo-light.png,site-sugartown-logo-light.png,1195x507,png,48,1,header: (untitled),OK
image-1a3444ae81dee63959d0386215aba2676f1979f4-780x317-png,site-sugartown-logo.png,site-sugartown-logo.png,780x317,png,55,1,siteSettings: (untitled),OK